"","ISO.code","country","RefDate","mstatus","agegroup","G1.1_Using_Limit","G1.2_Using_Space","G2.1_Unmet_Limit","G2.2_Unmet_Space","G2.3_No_Unmet","G4.1_Unmet_Limit","G4.2_Unmet_Space","G4.3_No_Unmet","Missing","G5_total","G7.1_cp_limiting","G7.2_cp_space","G8.1_unmet_limit","G8.2_unmet_space","G8.3_unmet_total","G8.4_LUP","G7.3_cp_total","G7.4_cp_limiting_proportion","X","Major.area_d"
"1",4,"Afghanistan",2015.79726027397,"Married/In-union","[Total]",3195.232012,3247.26732,604.035452,673.864436,7778.657565,1402.750859,4333.787058,2236.709085,0,28670.91134,0.11144508,0.113259997,0.06999381,0.174659655,0.244653465,0.286093679482529,0.224705077,0.495961557646515,1,"Asia"
"2",8,"Albania",2009.05479452055,"Married/In-union","[Total]",2768.282967,699.377109,4.527051,18.126426,177.030835,463.659769,157.028953,189.87077,0,5001.439375,0.553497255,0.139835167,0.093610416,0.035020994,0.12863141,0.727741505748868,0.693332422,0.79831439788056,2,"Europe"
"3",24,"Angola",2016,"Married/In-union","[Total]",385.494238,701.775031,172.964772,886.05353,1935.54956,776.419918,1187.955475,551.210174,0,7956.60424,0.048449593,0.088200319,0.119320336,0.260665096,0.379985431,0.314012923300736,0.136649912,0.354552683502643,6,"Africa"
"4",31,"Azerbaijan",2006.70136986301,"Married/In-union","[Total]",2295.572248,398.380988,30.741362,41.622882,346.088536,625.395563,113.832017,304.526925,8.512821,5268.687763,0.435700947,0.075612943,0.12453517,0.02950543,0.1540406,0.808456796454961,0.51131389,0.852120303244647,14,"W Asia and N Africa"
"5",50,"Bangladesh",1994.03287671233,"Married/In-union","[Total]",3011.673422,990.522677,259.395193,420.691609,1215.218988,706.359981,565.701752,752.951323,0,8979.966506,0.33537691,0.110303605,0.107545521,0.109843768,0.217389289,0.49471398289545,0.445680515,0.752505211047874,17,"Asia"
"6",50,"Bangladesh",1997.01095890411,"Married/In-union","[Total]",3066.230646,1094.673155,212.94018,371.376462,1068.037107,615.461053,473.291391,681.017032,0,8450.003546,0.36286738,0.129547065,0.098035608,0.099960651,0.197996258,0.495138690954452,0.492414445,0.736914572032914,17,"Asia"
"7",50,"Bangladesh",2000.07923497268,"Married/In-union","[Total]",3707.612546,1519.138366,269.542296,391.004066,1089.235878,658.423829,476.625403,690.637785,0,9720.33732,0.381428383,0.156284532,0.095466453,0.089259193,0.184725646,0.516801294607463,0.537712915,0.709353211276318,17,"Asia"
"8",50,"Bangladesh",2004.19945355191,"Married/In-union","[Total]",4427.419445,1716.955023,231.347732,332.373746,986.627941,637.858547,406.164516,864.466588,0,10581.61981,0.418406588,0.162258242,0.082143027,0.069794443,0.15193747,0.540637059442941,0.58066483,0.720564715448669,17,"Asia"
"9",50,"Bangladesh",2007.41643835616,"Married/In-union","[Total]",4156.415692,1529.614442,192.921143,265.975513,901.661226,838.837009,413.20809,749.203603,0.609024,10191.7852,0.407820182,0.150083073,0.101234291,0.066640298,0.167874589,0.603035227684161,0.557903255,0.730987278430559,17,"Asia"
"10",50,"Bangladesh",2011.75616438356,"Married/In-union","[Total]",7505.107995,2677.795483,270.487273,345.267575,1274.768873,1071.019695,554.590625,1012.452882,8.420486,16635.28596,0.451155935,0.160970812,0.080642255,0.054093341,0.134735596,0.598522271723947,0.612126747,0.737030259192383,17,"Asia"
"11",50,"Bangladesh",2014.63835616438,"Married/In-union","[Total]",7543.235757,2983.908781,183.59893,274.673892,1199.31622,939.474428,626.857442,944.482496,0,16857.64234,0.447466829,0.177006293,0.066621022,0.053479088,0.12010011,0.554712414501535,0.624473122,0.716550982317538,17,"Asia"
"12",51,"Armenia",2000.83606557377,"Married/In-union","[Total]",2010.082166,485.941685,34.90248,41.463322,165.505951,566.336097,102.440637,144.588733,0,4124.539902,0.487347004,0.117817186,0.145771066,0.0348897,0.180660765,0.80687727631398,0.60516419,0.805313685200045,10,"W Asia and N Africa"
"13",51,"Armenia",2005.79178082192,"Married/In-union","[Total]",1686.421336,459.748357,19.179627,32.652314,225.551132,606.954512,123.401036,154.389177,3.613292,4044.156236,0.417002024,0.113682145,0.154824419,0.038587369,0.193411788,0.800491121047906,0.530684169,0.785781917681437,10,"W Asia and N Africa"
"14",51,"Armenia",2010.87123287671,"Married/In-union","[Total]",1388.782857,601.222578,2.694194,22.276676,214.82251,295.919605,168.246316,168.34678,1.141318,3625.637602,0.383045138,0.165825337,0.082361734,0.052548824,0.134910558,0.610491389413718,0.548870475,0.697878926717638,10,"W Asia and N Africa"
"15",68,"Bolivia",1994.16164383562,"Married/In-union","[Total]",1837.658414,579.75361,506.117035,261.018954,527.198311,636.73399,136.933548,144.214732,0,5333.79948,0.34453084,0.108694302,0.21426584,0.074609573,0.288875413,0.741724045583623,0.453225142,0.760175921573212,25,"Latin America and the Caribbean"
"16",68,"Bolivia",1998.44931506849,"Married/In-union","[Total]",2327.500766,885.800794,534.952812,297.130982,619.013538,784.848569,148.64586,197.417967,0,6648.7148,0.35006777,0.133228875,0.198504737,0.067047069,0.265551806,0.74751793252726,0.483296645,0.724333126707304,25,"Latin America and the Caribbean"
"17",68,"Bolivia",2003.81917808219,"Married/In-union","[Total]",4495.502723,1672.049315,760.520524,395.641545,585.684815,1021.124836,235.133945,250.53821,0,10568.96531,0.425349369,0.15820369,0.1685733,0.059681858,0.228255158,0.738530079569987,0.583553059,0.72889579180494,25,"Latin America and the Caribbean"
"18",68,"Bolivia",2008.29234972678,"Married/In-union","[Total]",4402.597197,1758.297135,673.773323,450.709139,583.450443,746.635213,174.325252,268.922147,0,10161.50295,0.433262404,0.173035145,0.139783312,0.061510034,0.201293346,0.694425895230536,0.606297549,0.714603588146783,25,"Latin America and the Caribbean"
"19",76,"Brazil",1996.33333333333,"Married/In-union","[Total]",4760.125116,1059.599753,158.971478,154.135,236.48171,358.810333,150.913001,222.437426,0,7584.125254,0.627643262,0.13971285,0.068271791,0.04022191,0.1084937,0.629269635011065,0.767356112,0.817929579480563,28,"Latin America and the Caribbean"
"20",104,"Myanmar",2016.22131147541,"Married/In-union","[Total]",2688.838849,1364.686259,40.968729,32.234681,681.273184,846.610831,340.27707,531.837691,0,7758.959871,0.346546302,0.175885206,0.114394142,0.048010527,0.162404669,0.704377175264586,0.522431508,0.663333464183022,140,"Asia"
"21",108,"Burundi",2010.87123287671,"Married/In-union","[Total]",450.573383,734.765869,158.932164,708.277025,1478.985853,372.347105,517.03946,418.869952,0.706028,5420.970435,0.083116739,0.13554139,0.098004458,0.226032682,0.32403714,0.302448225533653,0.218658129,0.380121879667232,33,"Africa"
"22",116,"Cambodia",2000.28961748634,"Married/In-union","[Total]",1305.08997,854.37626,581.353086,234.71691,1421.756967,858.746298,1322.964111,400.489855,0,9071.083418,0.14387366,0.094186793,0.158757154,0.171719402,0.330476556,0.480388551374277,0.238060453,0.604357667083831,34,"Asia"
"23",116,"Cambodia",2005.93150684932,"Married/In-union","[Total]",2732.849831,1302.057861,373.117444,245.447099,1453.116749,1317.323386,613.957598,503.304146,0.37239,10086.88334,0.270931044,0.129084259,0.167588022,0.085200222,0.252788244,0.66295813186629,0.400015303,0.677301698130284,34,"Asia"
"24",116,"Cambodia",2010.80273972603,"Married/In-union","[Total]",3711.646927,2164.234364,160.978221,153.913346,1529.119188,1099.334665,556.350992,569.42083,1.003107,11626.31308,0.319245396,0.186149672,0.108401767,0.061091107,0.169492875,0.639565332761038,0.505395068,0.631674933559106,34,"Asia"
"25",116,"Cambodia",2014.66575342466,"Married/In-union","[Total]",4079.490621,2621.286632,76.619999,152.825543,1416.96759,760.366342,492.792,754.332649,0,11898.482,0.342858074,0.22030429,0.07034396,0.054260497,0.124604457,0.564538072663003,0.563162364,0.60880857087957,34,"Asia"
"26",120,"Cameroon",1991.52054794521,"Married/In-union","[Total]",144.518865,316.025892,48.958861,154.807336,737.250563,92.203255,345.133547,462.482978,0,2868.475345,0.05038177,0.110172079,0.049211549,0.174288018,0.223499568,0.220186327161044,0.160553849,0.31379982674847,35,"Africa"
"27",120,"Cameroon",1998.29863013699,"Married/In-union","[Total]",266.909644,444.363412,66.82493,190.910127,841.488181,184.984206,318.680007,702.511746,0,3676.299574,0.0726028,0.120872471,0.068495271,0.138614964,0.207110235,0.330718909183798,0.193475271,0.375256225897727,35,"Africa"
"28",120,"Cameroon",2004.42896174863,"Married/In-union","[Total]",592.65395,1267.41157,95.42757,360.7987,1660.73886,366.7662,646.86533,1204.26419,0,7165.54898,0.082708799,0.176875711,0.064502213,0.140626215,0.205128428,0.314447946727306,0.25958451,0.318619932291029,35,"Africa"
"29",120,"Cameroon",2011.33150684932,"Married/In-union","[Total]",831.514667,1456.500881,183.63033,564.876794,2355.675008,623.620051,928.169514,1397.536376,0,9791.802587,0.084919468,0.148746961,0.082441448,0.152479208,0.234920656,0.350933159321673,0.233666429,0.363421773351961,35,"Africa"
"30",140,"Central African Republic",1994.93424657534,"Married/In-union","[Total]",118.433148,484.6836,93.724207,202.321801,987.697563,124.457259,358.162084,764.30489,2.825615,4083.099881,0.029005695,0.118704811,0.053435251,0.137269208,0.190704458,0.280199275677132,0.147710506,0.196368530482185,39,"Africa"
"31",148,"Chad",1997.23835616438,"Married/In-union","[Total]",58.557298,182.880752,26.098056,229.303205,2453.592825,181.638744,579.33068,1001.405181,0,5832.489235,0.010039847,0.031355523,0.035617177,0.138643014,0.17426019,0.204390784837317,0.04139537,0.24253550578241,40,"Africa"
"32",148,"Chad",2004.74863387978,"Married/In-union","[Total]",55.312906,460.584599,15.325983,317.434321,1580.743402,110.333537,516.667612,773.874974,0.233875,4663.055099,0.011861946,0.098773141,0.026947895,0.178874561,0.205822456,0.130927866296572,0.110635087,0.107216854269749,40,"Africa"
"33",148,"Chad",2015.04109589041,"Married/In-union","[Total]",206.391431,543.008117,85.209275,742.748455,5237.271958,420.256831,1793.376528,1842.931584,0,13262.56139,0.015561959,0.04094293,0.038112254,0.191224373,0.229336627,0.166184767337666,0.056504889,0.275409071239836,40,"Africa"
"34",170,"Colombia",1990.48219178082,"Married/In-union","[Total]",2072.492042,868.367148,148.832715,106.520723,286.306675,249.72764,105.849134,212.745102,0,4449.925085,0.465736389,0.19514197,0.089565633,0.047724367,0.137289999,0.652382793010291,0.660878359,0.704723316564221,45,"Latin America and the Caribbean"
"35",170,"Colombia",1995.38630136986,"Married/In-union","[Total]",3249.520113,1152.345787,144.785683,198.996964,328.02396,259.191727,90.794446,289.873791,0,6097.090397,0.53296243,0.188999295,0.066257409,0.047529459,0.113786868,0.582293986683947,0.721961725,0.738214245360445,45,"Latin America and the Caribbean"
"36",170,"Colombia",2000.29508196721,"Married/In-union","[Total]",3476.630355,1089.186678,119.001281,179.200065,234.542801,218.524439,79.095146,246.767736,0,5934.611982,0.58582269,0.183531237,0.056874101,0.043523521,0.100397622,0.566488526989215,0.769353927,0.761447585358201,45,"Latin America and the Caribbean"
"37",170,"Colombia",2005.12876712329,"Married/In-union","[Total]",12120.18065,3343.083708,346.597651,457.446164,737.775602,628.722203,287.463274,850.847726,0,19799.48533,0.612146247,0.168847,0.049259859,0.037622667,0.086882526,0.566970842905742,0.780993247,0.783804788775594,45,"Latin America and the Caribbean"
"38",170,"Colombia",2010.42191780822,"Married/In-union","[Total]",16072.26319,4686.537318,289.540886,522.821046,855.672934,882.578506,443.504485,1236.032276,0,26281.29412,0.611547632,0.178322167,0.044598998,0.036768567,0.081367566,0.548117636946397,0.789869799,0.774238529912447,45,"Latin America and the Caribbean"
"39",170,"Colombia",2015.65479452055,"Married/In-union","[Total]",11582.4384,3979.713279,139.541767,316.458863,572.321416,570.883916,326.604344,1071.515646,0,19232.6997,0.602226343,0.206924319,0.036938427,0.03343593,0.070374358,0.524884745662618,0.809150662,0.744269727854465,45,"Latin America and the Caribbean"
"40",174,"Comoros",1996.3306010929,"Married/In-union","[Total]",150,193,70,172,182,151,188,204,5,1634,0.091799266,0.118115055,0.135250918,0.220318237,0.355569155,0.380378657985674,0.209914321,0.437317785478772,46,"Africa"
"41",174,"Comoros",2012.7868852459,"Married/In-union","[Total]",159.793485,471.667405,50.913481,165.173283,398.768126,228.317713,610.358519,434.097459,13.197452,3261.033288,0.049000875,0.144637409,0.0856266,0.237817812,0.323444413,0.264733588086433,0.193638284,0.253053652344905,46,"Africa"
"42",178,"Congo",2005.70410958904,"Married/In-union","[Total]",360.619671,1401.288528,56.126372,310.657698,652.10608,163.343466,246.698842,486.703079,3.435578,3979.484984,0.090619684,0.35212811,0.055150312,0.140057455,0.195207767,0.2825210945628,0.442747794,0.204675630749727,47,"Africa"
"43",178,"Congo",2011.90136986301,"Married/In-union","[Total]",614.749171,2198.595127,80.677233,447.71624,1151.882123,148.459309,477.985138,385.103628,5.668434,6289.162177,0.097747387,0.34958474,0.036433556,0.147189936,0.183623492,0.198414459953741,0.447332127,0.218511886583098,47,"Africa"
"44",180,"Dem. Republic of the Congo",2007.35068493151,"Married/In-union","[Total]",479.324252,888.153661,178.439918,630.69223,1552.789507,285.468088,687.454467,892.169217,0,6622.296241,0.07238037,0.134115665,0.070052439,0.199046773,0.269099212,0.260321977457147,0.206496035,0.350516996609644,56,"Africa"
"45",180,"Dem. Republic of the Congo",2013.85753424658,"Married/In-union","[Total]",814.618211,1656.96618,255.026826,1247.013593,3376.036576,583.379457,1261.721937,1255.633926,0,12095.52877,0.067348706,0.136989975,0.069315389,0.207410158,0.276725547,0.250484242425221,0.204338681,0.329593524194276,56,"Africa"
"46",204,"Benin",1996.54371584699,"Married/In-union","[Total]",213.690444,474.979932,100.034445,304.38843,1132.305595,277.935442,479.138584,581.598186,0,4197.990506,0.050903032,0.113144594,0.090035908,0.186643351,0.276679259,0.325416181630008,0.164047626,0.310294231261841,22,"Africa"
"47",204,"Benin",2001.73150684932,"Married/In-union","[Total]",302.565857,545.806535,76.648031,298.76959,1216.906428,370.241869,528.808972,667.898048,0,4562.834563,0.066310942,0.119620058,0.097941289,0.181373782,0.279315071,0.350648064386042,0.185931,0.356642743813565,22,"Africa"
"48",204,"Benin",2006.74246575342,"Married/In-union","[Total]",907.61312,1372.738093,209.620002,788.144266,3709.992003,1121.312075,1538.193218,1855.348761,19.239744,13402.72333,0.06771856,0.102422326,0.099303108,0.173571999,0.272875107,0.363914133068943,0.170140886,0.398014619484231,22,"Africa"
"49",204,"Benin",2012.12841530055,"Married/In-union","[Total]",596.485133,914.330292,240.617195,554.718974,2663.824535,1100.713559,1907.178044,1597.93666,0,11680.36273,0.051067347,0.078279272,0.114836395,0.210772309,0.325608704,0.352682202868877,0.129346619,0.394810064575403,22,"Africa"
"50",214,"Dominican Republic",1991.71232876712,"Married/In-union","[Total]",1858.625082,443.647972,140.558884,185.198542,297.972987,280.065734,186.071311,310.255449,0,4083.397317,0.455166357,0.108646781,0.103008496,0.090921805,0.193930301,0.531162461300981,0.563813138,0.807300018964794,60,"Latin America and the Caribbean"
"51",214,"Dominican Republic",1996.81693989071,"Married/In-union","[Total]",2473.979612,698.76406,77.262326,225.114604,346.034294,223.456047,184.383593,342.22548,0,4982.7249,0.496511379,0.140237335,0.060352193,0.082183585,0.142535778,0.423417852323365,0.636748714,0.77976031687753,60,"Latin America and the Caribbean"
"52",214,"Dominican Republic",2002.73424657534,"Married/In-union","[Total]",7689.442209,2074.652861,213.605183,463.218313,679.853451,552.548631,507.102203,793.710888,0,13996.09749,0.549399017,0.14823081,0.054740531,0.069327933,0.124068465,0.441212285490918,0.697629827,0.787522258563065,60,"Latin America and the Caribbean"
"53",214,"Dominican Republic",2007.4,"Married/In-union","[Total]",8752.369943,2483.484652,157.567871,417.795506,649.692334,527.035517,616.137309,965.3045,7.216501,15416.59897,0.567723787,0.161091604,0.044406901,0.067066207,0.111473108,0.398364249429557,0.728815391,0.778967889551608,60,"Latin America and the Caribbean"
"54",214,"Dominican Republic",2013.66849315068,"Married/In-union","[Total]",2644.722108,994.52327,33.4657,186.411732,215.728503,166.761954,162.69783,340.706787,0,5064.91395,0.52216526,0.196355413,0.039532291,0.068927047,0.108459338,0.364489510345342,0.718520673,0.726722667310089,60,"Latin America and the Caribbean"
"55",214,"Dominican Republic",1999.79452054795,"Married/In-union","[Total]",374.798028,129.613068,11.705854,21.740045,41.305788,29.592075,37.836399,36.405414,0,728.407424,0.514544492,0.177940345,0.056696195,0.081790001,0.138486196,0.409399612651646,0.692484837,0.743040806827082,60,"Latin America and the Caribbean"
"56",231,"Ethiopia",2000.24863387978,"Married/In-union","[Total]",424.933819,365.829879,757.490637,1070.727478,2578.591393,775.378196,975.651372,1141.45263,0,9788.995278,0.043409339,0.037371545,0.156591028,0.209048916,0.365639944,0.428265649225677,0.080780884,0.537371428121534,67,"Africa"
"57",231,"Ethiopia",2005.48767123288,"Married/In-union","[Total]",723.998849,610.353415,620.559293,845.420182,2338.793583,883.450981,922.952084,696.570031,1.099852,9066.400675,0.079855157,0.067320366,0.165888353,0.195046781,0.360935134,0.459607107686003,0.147175523,0.542584496200499,67,"Africa"
"58",231,"Ethiopia",2011.20273972603,"Married/In-union","[Total]",1259.588687,1684.057235,374.954353,833.037642,2434.865863,634.440118,862.436926,689.55793,5.625417,10287.41206,0.122439801,0.163700766,0.098119378,0.164810601,0.262929979,0.373176837320631,0.286140567,0.427900882016495,67,"Africa"
"59",231,"Ethiopia",2016.2650273224,"Married/In-union","[Total]",1465.466951,2203.078121,263.327404,540.243868,2342.896824,690.718831,785.866924,729.417669,0,10223.25465,0.14334642,0.215496747,0.093321185,0.129715129,0.223036313,0.418412516530436,0.358843167,0.399468160975182,67,"Africa"
"60",266,"Gabon",2000.79781420765,"Married/In-union","[Total]",292.50776,803.883729,36.629472,253.850254,378.123252,236.159995,406.449451,502.866175,0,3348.045398,0.087366725,0.240105385,0.081477231,0.19721946,0.27869669,0.292350910231478,0.32747211,0.266791345986686,75,"Africa"
"61",266,"Gabon",2012.18306010929,"Married/In-union","[Total]",371.156048,1022.53307,67.094271,277.996176,631.796612,278.65189,560.16152,476.589865,14.12184,4474.857072,0.082942548,0.228506308,0.07726418,0.187303791,0.264567971,0.292039054115133,0.311448856,0.266311936621787,75,"Africa"
"62",270,"Gambia",2013.19452054795,"Married/In-union","[Total]",178.48368,430.402719,24.181407,308.559435,2081.631756,310.164857,1049.342699,1335.080416,13.035055,6791.18388,0.026281674,0.063376685,0.049232397,0.199950724,0.249183122,0.197575167229825,0.089658359,0.293131329784878,76,"Africa"
"63",288,"Ghana",1993.92054794521,"Married/In-union","[Total]",312,337,100,331,615,288,463,309,0,3204,0.097378277,0.105181024,0.121098627,0.247815231,0.368913858,0.328257191682943,0.202559301,0.480739598326319,79,"Africa"
"64",288,"Ghana",1999.00547945205,"Married/In-union","[Total]",303.945136,383.897649,84.19982,305.698824,497.443297,300.482049,397.312482,304.366995,0,3131.056313,0.097074312,0.122609628,0.122860093,0.224528477,0.34738857,0.353667632184905,0.21968394,0.441881696040229,79,"Africa"
"65",288,"Ghana",2003.72602739726,"Married/In-union","[Total]",405.964205,487.456682,152.873341,250.727699,544.507123,334.378204,485.540094,356.696289,0,3548.901442,0.114391513,0.137354246,0.137296443,0.207463579,0.344760022,0.398237713884355,0.251745759,0.454393009258202,79,"Africa"
"66",288,"Ghana",2008.78961748634,"Married/In-union","[Total]",323.379223,353.017893,110.596361,205.301447,450.931544,296.794932,413.222611,306.534128,2.172176,2876.319879,0.112428115,0.122732487,0.141636296,0.21504008,0.356676376,0.397100300245284,0.235160602,0.478090777297806,79,"Africa"
"67",288,"Ghana",2014.80547945205,"Married/In-union","[Total]",623.244309,796.220079,130.579648,277.451595,855.673807,536.302828,646.639072,500.818155,0,5321.485737,0.117118478,0.149623642,0.125318851,0.173652757,0.298971607,0.419166395958129,0.26674212,0.439070057627194,79,"Africa"
"68",320,"Guatemala",1995.69589041096,"Married/In-union","[Total]",1896.697331,609.613768,279.189536,418.336001,1639.55149,814.652631,729.557299,374.510528,0.667581,7983.564721,0.237575243,0.076358593,0.137011749,0.14378205,0.280793799,0.487944354497657,0.313933836,0.756768515388701,86,"Latin America and the Caribbean"
"69",320,"Guatemala",1999.10136986301,"Married/In-union","[Total]",1178.458836,336.266555,143.176348,227.872962,724.260039,375.264489,317.520601,177.817863,0,3963.815987,0.297304123,0.084834048,0.130793366,0.137593058,0.268386424,0.487332272812726,0.382138171,0.778001638051489,86,"Latin America and the Caribbean"
"70",320,"Guatemala",2015.15342465753,"Married/In-union","[Total]",5683.695949,3424.069485,263.029581,531.235958,1550.821692,570.123296,725.838744,694.284793,0,15024.16331,0.378303659,0.227904171,0.055454195,0.083670197,0.139124392,0.398594338511107,0.60620783,0.624049443571192,86,"Latin America and the Caribbean"
"71",324,"Guinea",1999.42739726027,"Married/In-union","[Total]",145.990282,200.413514,92.525615,286.026569,1414.659985,390.481408,611.010017,1088.968017,0,5561.212275,0.026251521,0.036037739,0.08685283,0.161302346,0.248155176,0.349994029542225,0.06228926,0.421445382398186,87,"Africa"
"72",324,"Guinea",2005.28493150685,"Married/In-union","[Total]",198.532484,373.904707,81.711679,247.631426,1709.129452,454.19453,595.239501,1223.472736,0,6291.552732,0.031555403,0.059429639,0.085178688,0.133968666,0.219147354,0.388682256232033,0.090985042,0.346819678337897,87,"Africa"
"73",324,"Guinea",2012.5956284153,"Married/In-union","[Total]",86.346151,289.249055,54.585285,261.478003,1941.005026,386.170059,890.317945,1303.392189,0,6726.248122,0.012837194,0.043003031,0.065527667,0.171238992,0.236766658,0.276760535260839,0.055840225,0.229891516375516,87,"Africa"
"74",328,"Guyana",2009.38082191781,"Married/In-union","[Total]",881.532192,358.83852,68.668761,64.727408,170.831505,488.338226,209.154813,221.3658,2.670909,2919.605971,0.30193533,0.122906489,0.190781562,0.09380794,0.284589502,0.670374559353915,0.424841819,0.710700586657643,89,"Latin America and the Caribbean"
"75",332,"Haiti",1994.74794520548,"Married/In-union","[Total]",361.312083,197.543133,413.810463,236.534435,419.553464,447.7769,292.030784,188.893494,0,3113.248554,0.116056292,0.063452413,0.276748659,0.169779319,0.446527978,0.619778989526161,0.179508705,0.646521805168167,90,"Latin America and the Caribbean"
"76",332,"Haiti",2000.32786885246,"Married/In-union","[Total]",1090.183919,582.175182,514.344593,446.748163,487.630393,917.728867,479.841328,361.331764,0,5958.10788,0.182974854,0.09771142,0.240357088,0.155517407,0.395874495,0.607154770099549,0.280686274,0.651883868036953,90,"Latin America and the Caribbean"
"77",332,"Haiti",2006.0904109589,"Married/In-union","[Total]",1166.33873,858.87621,394.772928,371.0276,592.864279,920.30522,675.236441,473.984745,7.425298,6323.087864,0.184457144,0.135831769,0.207980369,0.165467263,0.373447632,0.556919769141822,0.320288913,0.575908614108038,90,"Latin America and the Caribbean"
"78",332,"Haiti",2012.26229508197,"Married/In-union","[Total]",1643.947958,1050.042932,410.538991,450.765107,734.953503,1125.493397,772.31744,465.908446,3.814921,7808.235117,0.210540274,0.134478908,0.196719536,0.156640077,0.353359612,0.556711999106451,0.345019182,0.610227735106044,90,"Latin America and the Caribbean"
"79",340,"Honduras",2006.10136986301,"Married/In-union","[Total]",4923.797091,2651.54693,391.149125,418.730243,836.499136,631.826694,506.820306,506.883624,0,11612.8812,0.423994443,0.228328085,0.088089752,0.079700337,0.167790089,0.524999733446711,0.652322528,0.649976698336563,92,"Latin America and the Caribbean"
"80",340,"Honduras",2012.1393442623,"Married/In-union","[Total]",5778.255197,3629.156338,143.109884,375.596526,887.389122,425.796376,414.58261,606.614132,0,12846.62863,0.449787673,0.282498735,0.044284479,0.061508677,0.105793157,0.418594928592593,0.732286408,0.61422370821882,92,"Latin America and the Caribbean"
"81",356,"India",1992.92076502732,"Married/In-union","[Total]",31491.31519,2863.053976,1416.490319,2589.502758,12147.31296,5424.562644,7828.548474,1295.259071,6969.745417,84678.14756,0.371894238,0.033811013,0.080788883,0.123031166,0.203820049,0.396373582463421,0.405705251,0.916661140281864,95,"Asia"
"82",356,"India",1999.72054794521,"Married/In-union","[Total]",37879.0673,2966.9279,1386.277018,1917.813546,10767.42384,5236.760796,5091.130069,527.974683,7634.757757,84682.15524,0.44730873,0.035036046,0.078210549,0.082767657,0.160978206,0.485845574648782,0.482344776,0.927363065294191,95,"Asia"
"83",356,"India",2006.29863013699,"Married/In-union","[Total]",47963.08766,4475.041397,1395.633857,1534.887883,9591.772791,5886.381332,4133.467963,7059.370941,41.438152,93088.97811,0.515239168,0.048072731,0.078226395,0.060891804,0.1391182,0.562301661464855,0.563311899,0.914660544033706,95,"Asia"
"84",356,"India",2015.98904109589,"Married/In-union","[Total]",245940.7466,27864.92306,2696.80835,3305.743746,47193.40075,34157.63101,25570.89141,36157.69339,2.159604,511377.1583,0.480938076,0.054489964,0.072068998,0.056468371,0.128537369,0.560685180976436,0.53542804,0.898231022790663,95,"Asia"
"85",360,"Indonesia",1991.48767123288,"Married/In-union","[Total]",6538.526992,3948.378134,237.539233,526.648602,2366.299511,1534.163276,1298.404338,1329.262582,0,21108.95564,0.309751326,0.187047536,0.08393132,0.086458704,0.170390024,0.492583532942046,0.496798862,0.623494435460281,96,"Asia"
"86",360,"Indonesia",1994.70410958904,"Married/In-union","[Total]",8424.834538,5908.949832,285.531454,392.032116,2706.504909,1998.446168,1339.895015,1845.936363,0,26185.88788,0.321731865,0.22565398,0.087221699,0.066139714,0.153361413,0.56873301630313,0.547385845,0.587760659028368,96,"Asia"
"87",360,"Indonesia",1997.8301369863,"Married/In-union","[Total]",8653.875524,6784.477132,279.194134,341.576379,2448.7927,1787.754531,1246.58325,1966.409495,0,26885.6576,0.321877026,0.25234559,0.07687923,0.059070887,0.135950117,0.565495872283802,0.574222616,0.560543972026347,96,"Asia"
"88",360,"Indonesia",2003.03835616438,"Married/In-union","[Total]",10071.7588,6734.115754,193.794607,298.3871,2085.483405,2187.699714,1010.269433,1822.730181,36.454181,27857.31719,0.361548053,0.241735976,0.085489005,0.04697712,0.132466125,0.645365032003465,0.603284029,0.599299891295481,96,"Asia"
"89",360,"Indonesia",2007.71232876712,"Married/In-union","[Total]",11217.53521,7763.02516,220.806998,341.9295,2064.532402,2350.66848,1151.682634,2314.757989,17.222875,30931.29649,0.362659716,0.250976391,0.083135069,0.048288055,0.131423124,0.632575656929294,0.613636107,0.591001265836529,96,"Asia"
"90",360,"Indonesia",2012.49453551913,"Married/In-union","[Total]",11779.83148,8923.974493,157.860318,173.962837,2397.122546,2149.07298,1325.019091,2835.06886,0,33465.1143,0.352003324,0.266664994,0.068935467,0.044792374,0.113727842,0.60614415773404,0.618668318,0.568969371403952,96,"Asia"
"91",384,"Cote dIvoire",1994.67123287671,"Married/In-union","[Total]",177.342376,423.710618,153.747543,434.310331,1266.924063,351.017208,664.144964,896.915061,0,5270.983487,0.033645026,0.080385495,0.095762916,0.208396649,0.304159565,0.314844335077873,0.114030521,0.295052813097294,50,"Africa"
"92",384,"Cote dIvoire",1998.95890410959,"Married/In-union","[Total]",92.345467,187.14322,40.639993,144.376917,436.18739,106.781979,246.956844,319.238432,0,1862.983728,0.049568585,0.100453491,0.079132184,0.21005753,0.289189715,0.273634157424997,0.150022076,0.330408605997427,50,"Africa"
"93",384,"Cote dIvoire",2012.16666666667,"Married/In-union","[Total]",283.074051,864.226524,83.263499,349.384982,1490.452203,391.260955,887.293477,911.15787,7.016681,6308.586449,0.044871233,0.136992103,0.075218824,0.196030992,0.271249816,0.277304608383587,0.181863336,0.246730506472179,50,"Africa"
"94",398,"Kazakhstan",1995.51506849315,"Married/In-union","[Total]",984.927418,496.881247,26.067326,21.185845,182.563112,267.745863,93.935588,173.596015,0,2507.168023,0.3928446,0.198184263,0.117189269,0.04591692,0.163106189,0.718484502142343,0.591028863,0.664679213813624,106,"Asia"
"95",398,"Kazakhstan",1999.64657534247,"Married/In-union","[Total]",1299.243059,695.062666,21.006599,30.063575,161.703317,212.502293,94.255463,173.634074,0,3018.011614,0.430496375,0.230304835,0.077371767,0.041192366,0.118564133,0.652573126815679,0.66080121,0.651476372145263,106,"Asia"
"96",400,"Jordan",1990.86849315069,"Married/In-union","[Total]",1744.714437,719.620902,374.436053,272.932925,960.476604,659.014902,326.19325,529.712029,0,6168.410371,0.282846687,0.116662294,0.167539267,0.097128132,0.264667399,0.633018148940966,0.399508981,0.707985803703372,105,"W Asia and N Africa"
"97",400,"Jordan",1997.57260273973,"Married/In-union","[Total]",1832.459324,973.995542,170.836885,299.161463,595.108833,371.087156,229.970504,478.178274,0,5337.03865,0.343347584,0.182497375,0.101540213,0.099143364,0.200683577,0.505971711875556,0.525844959,0.652944519336925,105,"W Asia and N Africa"
"98",400,"Jordan",2002.62191780822,"Married/In-union","[Total]",1725.998365,1456.547341,139.701618,231.827923,577.978431,311.015377,169.96158,556.801808,0,5705.732369,0.30250251,0.255277894,0.078993715,0.070418568,0.149412283,0.528696258526483,0.557780404,0.542332623790061,105,"W Asia and N Africa"
"99",400,"Jordan",2007.62465753425,"Married/In-union","[Total]",3598.084355,2313.899039,208.744383,273.087181,1343.922819,635.607608,314.419144,846.260601,0,10354.26205,0.347497903,0.2234731,0.081546322,0.056740531,0.138286853,0.589689621471103,0.570971003,0.608608670447665,105,"W Asia and N Africa"
"100",400,"Jordan",2009.87397260274,"Married/In-union","[Total]",3332.21976,2387.497147,147.235906,279.266058,1041.783383,567.741128,296.855387,913.055601,0,9651.141474,0.345266906,0.247379769,0.074082121,0.059694643,0.133776764,0.553774204016476,0.592646675,0.582584734825349,105,"W Asia and N Africa"
"101",400,"Jordan",2012.82513661202,"Married/In-union","[Total]",4318.972378,2288.484715,107.739893,269.848585,981.309286,626.696844,262.870835,1009.827868,0,10801.0681,0.399865304,0.211875779,0.067996677,0.049320994,0.117317671,0.579594501155755,0.611741083,0.653651217994133,105,"W Asia and N Africa"
"102",404,"Kenya",1993.35616438356,"Married/In-union","[Total]",1058.126033,457.688613,248.310197,499.710924,562.615109,426.444658,459.713171,300.044352,0,4628.825993,0.228594904,0.098877904,0.145772353,0.207271584,0.353043937,0.412901448580889,0.327472808,0.6980576659055,107,"Africa"
"103",404,"Kenya",1998.32876712329,"Married/In-union","[Total]",1235.428375,648.341658,149.474034,435.144603,637.594742,427.888945,340.486348,368.685114,0,4833.612649,0.2555911,0.134131902,0.119447507,0.160466096,0.279913603,0.426729911371974,0.389723002,0.655827597263556,107,"Africa"
"104",404,"Kenya",2003.46575342466,"Married/In-union","[Total]",1230.712528,703.396435,241.946121,395.930702,758.638683,360.185564,350.229728,404.118571,3.351185,4919.355536,0.250177593,0.142985485,0.122400522,0.151678492,0.274079014,0.446588449854829,0.393163078,0.636320160765452,107,"Africa"
"105",404,"Kenya",2009.00821917808,"Married/In-union","[Total]",1377.935232,863.098462,162.926804,298.801968,653.932089,483.712556,317.907447,327.185858,0,4928.362557,0.279592911,0.175128849,0.13120775,0.12513475,0.256342499,0.511845482164859,0.45472176,0.614865914927845,107,"Africa"
"106",404,"Kenya",2014.57534246575,"Married/In-union","[Total]",2847.878068,2197.847092,148.243946,368.759758,974.037619,573.882053,427.161748,519.38178,0,8685.427175,0.327891537,0.253049971,0.083142255,0.091638729,0.174780984,0.47569394048039,0.580941508,0.564414028752788,107,"Africa"
"107",417,"Kyrgyzstan",1997.7397260274,"Married/In-union","[Total]",890.474755,702.27672,17.980401,46.463767,344.346585,172.546593,79.621418,157.839411,0,2674.964299,0.332892202,0.262536857,0.071225995,0.047135278,0.118361273,0.601767733606583,0.595429059,0.559079535955265,110,"Asia"
"108",417,"Kyrgyzstan",2012.7868852459,"Married/In-union","[Total]",771.165528,1136.215488,12.667538,29.267726,942.297855,284.772213,620.422373,454.606021,0,5255.669503,0.146730217,0.216188535,0.056594074,0.123617,0.180211075,0.314043262879376,0.362918752,0.404305967083233,110,"Asia"
"109",426,"Lesotho",2004.93442622951,"Married/In-union","[Total]",870.532645,512.839367,233.114416,93.115293,361.060708,559.148156,263.60946,435.506901,0,3708.754095,0.234723744,0.138278072,0.213619602,0.096184526,0.309804127,0.689531169479869,0.373001816,0.629283113195352,114,"Africa"
"110",426,"Lesotho",2009.90684931507,"Married/In-union","[Total]",1231.321666,672.77022,65.31194,225.007473,303.4877,436.628557,215.553811,349.04696,0,4048.778099,0.304121796,0.166166237,0.123973328,0.108813393,0.232786722,0.532561852904995,0.470288033,0.646671347471859,114,"Africa"
"111",426,"Lesotho",2014.83835616438,"Married/In-union","[Total]",1359.910549,812.921908,45.132301,145.377699,229.079785,312.136844,163.030267,230.08989,0,3612.322487,0.376464326,0.225041344,0.098902893,0.085376643,0.184279536,0.536700358307826,0.60150567,0.625869953977325,114,"Africa"
"112",430,"Liberia",2007.15342465753,"Married/In-union","[Total]",213.85234,305.87607,58.27878,335.26976,933.68743,461.14181,762.00391,492.92041,18.83937,4539.89288,0.047105151,0.067375173,0.114412521,0.241695938,0.35610846,0.32128560214492,0.114480324,0.411469406742769,115,"Africa"
"113",430,"Liberia",2013.36164383562,"Married/In-union","[Total]",380.426593,709.342765,75.634839,361.747996,910.868961,413.362765,824.26048,557.142967,1.964611,5385.534359,0.070638597,0.131712606,0.090798344,0.220221133,0.311019477,0.291937806840309,0.202351203,0.349089088439963,115,"Africa"
"114",450,"Madagascar",1992.60109289617,"Married/In-union","[Total]",384.639157,239.977332,221.683511,316.156785,828.301446,381.88633,287.5271,438.331978,0,3735.95614,0.102956015,0.064234515,0.161556993,0.161587519,0.323144513,0.499952765715072,0.16719053,0.615800518127432,121,"Africa"
"115",450,"Madagascar",1997.79726027397,"Married/In-union","[Total]",512.743517,349.727355,184.262791,251.526179,1141.429875,388.57284,402.305072,433.346608,3.445454,4434.643089,0.115622274,0.078862571,0.129172883,0.147437175,0.276610058,0.466985488286185,0.194484845,0.59450531479715,121,"Africa"
"116",450,"Madagascar",2004.06557377049,"Married/In-union","[Total]",764.362183,630.482666,134.657887,173.346098,1171.389055,519.238582,431.176618,499.61484,0,5139.736374,0.148716223,0.122668289,0.127223737,0.117617456,0.244841193,0.51961737092173,0.271384512,0.547990826388795,121,"Africa"
"117",450,"Madagascar",2009.20547945205,"Married/In-union","[Total]",2522.898074,2283.969346,150.403265,282.326383,2518.609622,908.291745,944.380078,902.14983,3.356761,12038.52959,0.209568623,0.189721621,0.087942219,0.101898363,0.189840583,0.463242461702722,0.399290244,0.524852851150553,121,"Africa"
"118",454,"Malawi",1992.76775956284,"Married/In-union","[Total]",197.377106,256.794439,193.296808,366.639673,797.006161,234.422544,480.68311,358.50532,0,3491.824485,0.056525495,0.073541623,0.122491653,0.242659042,0.365150694,0.335455073789344,0.130067118,0.434587126009819,122,"Africa"
"119",454,"Malawi",2000.70218579235,"Married/In-union","[Total]",1696.263417,1200.622458,755.919616,720.748243,1828.946852,662.331102,691.442982,788.94989,0,9451.757325,0.179465401,0.127026374,0.150051537,0.14941044,0.299461978,0.501070413019178,0.306491775,0.585547201062736,122,"Africa"
"120",454,"Malawi",2004.91256830601,"Married/In-union","[Total]",1413.360655,1285.770763,623.399608,667.687219,1617.276863,554.545333,672.831188,662.357541,5.673701,8312.425778,0.170029868,0.154680571,0.141708927,0.161266812,0.30297574,0.467723676489741,0.324710439,0.523635361165583,122,"Africa"
"121",454,"Malawi",2010.59452054795,"Married/In-union","[Total]",3996.364809,3163.616274,1053.431872,832.556528,2022.882578,1095.197377,1086.712532,1158.17778,5.894147,15527.7594,0.257369058,0.203739393,0.138373425,0.123602447,0.261975872,0.52819148551207,0.461108451,0.558152984274843,122,"Africa"
"122",454,"Malawi",2015.95890410959,"Married/In-union","[Total]",5272.094083,4280.294847,340.72206,897.639218,1674.478691,934.159347,838.837333,867.683211,0,16130.15983,0.326846984,0.265359729,0.079037122,0.10765402,0.186691142,0.423357643824365,0.592206713,0.551913676128828,122,"Africa"
"123",462,"Maldives",2009.39178082192,"Married/In-union","[Total]",1462.956609,794.831586,74.604648,94.325082,652.163956,816.673128,881.505124,697.316268,0,6500.180878,0.225063985,0.12227838,0.137115842,0.150123546,0.287239389,0.477357379422639,0.347342365,0.647960075356774,124,"Asia"
"124",466,"Mali",1996.09289617486,"Married/In-union","[Total]",201.75422,351.663788,127.005562,609.952958,2728.08623,406.857368,1116.088002,1120.766822,0,8222.066401,0.02453814,0.042770731,0.064930506,0.209927879,0.274858385,0.236232582098596,0.067308871,0.364560267249171,125,"Africa"
"125",466,"Mali",2001.24109589041,"Married/In-union","[Total]",322.751649,543.047908,141.070895,806.241923,3284.920556,734.987563,1494.637967,1644.902072,0,10723.23644,0.030098343,0.050642165,0.081697206,0.214569538,0.296266744,0.275755573835179,0.080740508,0.372778717220853,125,"Africa"
"126",466,"Mali",2006.60273972603,"Married/In-union","[Total]",337.642466,681.564627,137.940468,756.724719,3669.064358,763.325565,1753.500737,2068.747249,16.520189,12365.47734,0.027305251,0.055118343,0.072885665,0.203002714,0.275888378,0.264185340203059,0.082423594,0.331279548426389,125,"Africa"
"127",466,"Mali",2012.99726775956,"Married/In-union","[Total]",284.60258,627.779567,93.800292,371.18071,2617.838626,563.206282,1265.212221,1452.966289,0,8819.653276,0.032269135,0.07117962,0.07449347,0.185539372,0.260032842,0.286477159681238,0.103448755,0.311933526894548,125,"Africa"
"128",478,"Mauritania",2000.91803278689,"Married/In-union","[Total]",129.600551,232.84227,90.149852,326.958404,1018.363173,312.902137,726.52049,697.470131,0,4540.98114,0.028540209,0.051275762,0.088758789,0.231993673,0.320752463,0.276720522018252,0.079815971,0.357575165000498,129,"Africa"
"129",498,"Republic of Moldova",2005.53150684932,"Married/In-union","[Total]",2395.470403,950.467347,10.238323,43.273026,187.175308,395.567029,112.088179,241.522413,5.403881,4936.812723,0.485226104,0.192526515,0.082199868,0.031469941,0.113669809,0.723146002647018,0.677752619,0.715933941673193,168,"Europe"
"130",504,"Morocco",1992.20218579235,"Married/In-union","[Total]",1402,722,254,227,710,455,266,442,0,5118,0.273935131,0.141070731,0.138530676,0.09632669,0.234857366,0.589850249789483,0.415005862,0.660075329249205,138,"W Asia and N Africa"
"131",504,"Morocco",2003.97808219178,"Married/In-union","[Total]",3568.722888,1962.62952,111.037973,152.904472,587.975053,540.710798,237.848762,828.087571,0,8781.631973,0.406384929,0.223492572,0.074217272,0.044496653,0.118713926,0.625177470754358,0.629877501,0.645180893673483,138,"W Asia and N Africa"
"132",508,"Mozambique",1997.35068493151,"Married/In-union","[Total]",196.607478,170.058167,96.118769,466.281203,1911.586149,312.321023,751.838727,1138.391335,0,6529.503915,0.03011063,0.026044577,0.062552959,0.186556275,0.249109235,0.25110654368153,0.056155207,0.536203704137356,139,"Africa"
"133",508,"Mozambique",2003.84931506849,"Married/In-union","[Total]",829.650795,1399.83735,132.153639,410.97992,1839.254842,566.781041,540.896657,1682.78363,0,8736.057075,0.094968564,0.160236745,0.080005736,0.108959519,0.188965255,0.423388606545685,0.255205309,0.372126130024983,139,"Africa"
"134",508,"Mozambique",2011.65753424658,"Married/In-union","[Total]",474.344416,611.35833,118.965795,441.602905,2933.461689,730.915564,938.383389,1380.548989,0,9331.712117,0.050831446,0.065514058,0.091074537,0.147881362,0.238955898,0.381135338203705,0.116345504,0.436900819132641,139,"Africa"
"135",516,"Namibia",1992.70218579235,"Married/In-union","[Total]",400.062552,252.675349,37.265996,99.591273,429.067035,123.34512,231.152254,318.405662,0,2258.948648,0.177101216,0.111855287,0.071099941,0.146414806,0.217514747,0.326874117643159,0.288956503,0.612899222413416,141,"Africa"
"136",516,"Namibia",2000.84153005464,"Married/In-union","[Total]",800.558578,341.375848,82.615929,94.014736,318.057761,282.100066,164.276126,217.953015,0,2610.276713,0.306694909,0.130781479,0.139723116,0.098951525,0.238674641,0.585412490470657,0.437476388,0.701054770983434,141,"Africa"
"137",516,"Namibia",2007.04109589041,"Married/In-union","[Total]",1293.864188,605.847149,107.426082,113.59539,277.372774,311.371438,182.224928,245.414631,0,3450.612986,0.374966475,0.175576673,0.121369021,0.085729787,0.207098809,0.586044031764567,0.550543148,0.681084627721132,141,"Africa"
"138",516,"Namibia",2013.56164383562,"Married/In-union","[Total]",1017.792818,733.225626,44.666418,116.314212,278.502151,217.30671,168.768584,233.518897,0,3120.65304,0.326147382,0.234959035,0.083948175,0.09135357,0.175301745,0.47887814807548,0.561106417,0.58125762265164,141,"Africa"
"139",524,"Nepal",1996.24590163934,"Married/In-union","[Total]",2066.039145,207.898604,411.856554,417.968956,1209.310626,986.435486,766.040135,691.92401,0,7982.350084,0.258825925,0.026044787,0.175172979,0.148328384,0.323501363,0.541490698448773,0.284870712,0.908573307458859,143,"Asia"
"140",524,"Nepal",2001.27397260274,"Married/In-union","[Total]",2962.101339,318.674188,427.178423,317.291087,1112.338534,963.053417,607.757377,670.624972,0,8341.758466,0.355093156,0.038202279,0.166659326,0.1108937,0.277553026,0.600459409150884,0.393295435,0.902866202858419,143,"Asia"
"141",524,"Nepal",2006.36164383562,"Married/In-union","[Total]",3564.985659,394.842674,236.554756,243.326683,855.477784,1031.353203,527.594097,561.894062,0,8257.275707,0.431738722,0.047817548,0.153550397,0.093362606,0.246913003,0.621880561713471,0.47955627,0.900287930757323,143,"Asia"
"142",524,"Nepal",2011.26849315068,"Married/In-union","[Total]",4252.653498,521.666454,185.635749,233.215348,858.904297,1510.077061,717.386736,549.562665,0,9607.666342,0.442631264,0.054296895,0.176495805,0.098942038,0.275437843,0.640782701017594,0.496928159,0.890734920095361,143,"Asia"
"143",524,"Nepal",2016.77322404372,"Married/In-union","[Total]",4511.162414,684.159237,87.607366,153.497486,759.354333,1453.084115,649.254017,690.034547,0,9874.525824,0.45684851,0.069285275,0.156026883,0.081295195,0.237322078,0.657447820762803,0.526133785,0.868312438822,143,"Asia"
"144",558,"Nicaragua",1998.16164383562,"Married/In-union","[Total]",3571.923402,1281.949498,239.990755,277.85977,696.0691,605.972486,312.448588,403.286212,0,8044.744815,0.444007049,0.159352413,0.10515725,0.073378133,0.178535383,0.588999492610381,0.603359462,0.735891416251627,148,"Latin America and the Caribbean"
"145",558,"Nicaragua",2001.82465753425,"Married/In-union","[Total]",3572.898868,1522.040852,213.67903,187.35327,414.084044,453.161441,231.117883,318.282718,0,7423.635154,0.48128697,0.205026354,0.089826676,0.056370113,0.146196789,0.614423043176413,0.686313324,0.701264208590536,148,"Latin America and the Caribbean"
"146",562,"Niger",1992.32786885246,"Married/In-union","[Total]",37.233234,209.755175,60.239238,322.638232,2038.58791,110.932121,573.10894,1011.8664,0,5560.882651,0.006695562,0.037719763,0.030781329,0.161080035,0.191861364,0.160435266164375,0.044415325,0.150748913803963,149,"Africa"
"147",562,"Niger",1998.28767123288,"Married/In-union","[Total]",85.10506,438.535192,26.832242,311.863373,2511.526961,162.875476,628.959701,1105.107493,0,6381.553564,0.013336104,0.06871919,0.029727513,0.147428532,0.177156045,0.167804113034924,0.082055294,0.162525820698418,149,"Africa"
"148",562,"Niger",2006.18356164384,"Married/In-union","[Total]",125.678499,766.36924,10.726372,311.604475,3095.460137,204.100039,750.260636,1518.090541,6.105789,7941.42552,0.015825685,0.09650273,0.027051366,0.133712154,0.16076352,0.168268062306673,0.112328415,0.140887637380088,149,"Africa"
"149",562,"Niger",2012.31147540984,"Married/In-union","[Total]",157.904973,1215.897316,28.261288,313.724309,3775.930381,235.173527,1005.075871,1842.255297,4.88806,9880.953424,0.015980743,0.123054655,0.02666087,0.13346892,0.16012979,0.166495378530129,0.139035398,0.114940103239033,149,"Africa"
"150",566,"Nigeria",1990.61917808219,"Married/In-union","[Total]",184.217919,231.042749,74.20291,264.601426,2499.027853,273.720675,868.016376,1049.765995,0,6880.081205,0.026775544,0.033581399,0.050569692,0.164622737,0.215192429,0.234997542594772,0.060356943,0.443619949406649,150,"Africa"
"151",566,"Nigeria",1999.32602739726,"Married/In-union","[Total]",357.993742,524.254674,60.190062,286.945965,1548.157348,220.810461,588.068308,911.072083,0,5807.73227,0.061640882,0.090268396,0.048383863,0.150663673,0.199047536,0.243076925101952,0.151909278,0.405774306951811,150,"Africa"
"152",566,"Nigeria",2003.39726027397,"Married/In-union","[Total]",254.364899,417.450777,60.589373,224.906384,1725.491005,231.72195,416.35869,1042.036345,0,5335.945835,0.047670068,0.078233698,0.054781539,0.120178333,0.174959871,0.313109164329459,0.125903766,0.378623050878399,150,"Africa"
"153",566,"Nigeria",2008.65573770492,"Married/In-union","[Total]",1375.483473,2063.17894,289.667112,543.912956,7584.762492,1059.766181,2878.96081,3593.378971,42.546982,23577.89374,0.058337843,0.087504803,0.057232987,0.145173008,0.202405996,0.282763298178182,0.145842646,0.400005379770743,150,"Africa"
"154",566,"Nigeria",2013.3095890411,"Married/In-union","[Total]",1839.723465,2376.374171,187.055005,541.234146,9372.289793,978.566076,2773.316496,4741.394584,39.237965,27829.50778,0.066106935,0.085390449,0.041884359,0.119102022,0.16098638,0.260173307828898,0.151497384,0.43635694065846,150,"Africa"
"155",586,"Pakistan",1991.23561643836,"Married/In-union","[Total]",622.849912,130.784884,250.98496,169.832965,1436.894114,730.475703,787.957581,738.141567,0,6364.079587,0.097869598,0.020550479,0.154218792,0.150499461,0.304718252,0.506102903215656,0.118420077,0.826461192049385,155,"Asia"
"156",586,"Pakistan",2006.92054794521,"Married/In-union","[Total]",2203.131052,625.702924,224.271987,332.989771,1545.176866,1150.96263,695.78715,1236.199483,0,9555.883607,0.230552311,0.065478291,0.143914961,0.107659005,0.251573966,0.572058243101355,0.296030602,0.77881242493977,155,"Asia"
"157",586,"Pakistan",2013.01917808219,"Married/In-union","[Total]",3384.733083,1196.0739,174.153029,272.585595,1899.229757,1282.966312,868.60818,1735.811749,8.980386,12936.75043,0.26163704,0.092455513,0.112634108,0.088213325,0.200847433,0.560794361758161,0.354092553,0.738894500274904,155,"Asia"
"158",600,"Paraguay",1990.49315068493,"Married/In-union","[Total]",884.559754,845.085737,49.197126,149.980793,498.179917,206.141009,217.245867,242.525871,0,3573.837299,0.2475098,0.236464524,0.071446491,0.102754163,0.174200654,0.410139051487143,0.483974324,0.51141101444051,159,"Latin America and the Caribbean"
"159",604,"Peru",1991.97260273973,"Married/In-union","[Total]",3942.798705,1212.174246,754.48608,383.629537,638.31597,594.792509,157.706746,182.108294,0,8740.61161,0.451089567,0.138683001,0.154368899,0.061933456,0.216302355,0.713671836813797,0.589772568,0.764853422277179,160,"Latin America and the Caribbean"
"160",604,"Peru",1996.76229508197,"Married/In-union","[Total]",7766.528616,3078.367095,1036.489318,640.259466,1101.990558,1025.925177,283.670477,395.830995,0,16885.27189,0.459958754,0.18231078,0.122142806,0.054718097,0.176860903,0.690615076187867,0.642269534,0.716145994245463,160,"Latin America and the Caribbean"
"161",604,"Peru",2000.72131147541,"Married/In-union","[Total]",7585.043616,3178.951868,652.113617,509.537795,806.362706,823.856944,263.49372,470.50664,0,15627.93016,0.485351773,0.203414773,0.094444405,0.049464741,0.143909146,0.656277989447592,0.688766546,0.704668041470179,160,"Latin America and the Caribbean"
"162",604,"Peru",2005.37260273973,"Married/In-union","[Total]",4483.510466,2144.036507,303.39638,278.235161,426.596167,412.289568,148.19788,277.664964,0,9285.788342,0.482835738,0.230894398,0.077073257,0.045923192,0.122996449,0.62662993628377,0.713730136,0.676496218453077,160,"Latin America and the Caribbean"
"163",604,"Peru",2007.95890410959,"Married/In-union","[Total]",6260.212683,3112.329011,370.224508,472.812492,528.116489,570.309003,214.809501,401.414047,0,12938.97785,0.483825906,0.240539017,0.072689939,0.053143455,0.125833394,0.577668110899083,0.724364923,0.667931163751285,160,"Latin America and the Caribbean"
"164",604,"Peru",2009.51506849315,"Married/In-union","[Total]",6813.251725,3308.245568,364.52396,430.474635,640.101665,523.793762,216.483027,482.224016,0,13827.83197,0.492720171,0.239245427,0.064241287,0.04678663,0.111027917,0.578604811616884,0.731965598,0.673146623757036,160,"Latin America and the Caribbean"
"165",604,"Peru",2010.57808219178,"Married/In-union","[Total]",6594.629351,3103.039335,371.893477,373.687692,519.711677,465.603992,162.141033,475.902932,0,13039.71893,0.505734011,0.237968268,0.06422665,0.041092046,0.105318696,0.609831420624501,0.743702279,0.680022134233637,160,"Latin America and the Caribbean"
"166",604,"Peru",2011.53424657534,"Married/In-union","[Total]",6415.872576,3136.76832,284.439659,379.44159,468.336596,437.43499,130.76512,479.834892,0,12672.52062,0.506282276,0.247525209,0.056963778,0.04026087,0.097224648,0.585898526472423,0.753807485,0.671633389259859,160,"Latin America and the Caribbean"
"167",604,"Peru",2012.57923497268,"Married/In-union","[Total]",6766.765789,3518.549922,279.629905,372.815257,508.84272,465.131937,182.404261,525.851984,0,13623.92587,0.496682517,0.258262556,0.054665729,0.040753269,0.095418998,0.572901939297246,0.754945073,0.657905501689392,160,"Latin America and the Caribbean"
"168",608,"Philippines",1993.40547945205,"Married/In-union","[Total]",2773.701324,808.622372,331.793203,535.165478,911.528761,1161.601769,674.680037,404.997997,0,8961.323952,0.309519145,0.090234699,0.166648922,0.135007452,0.301656374,0.552446214844444,0.399753844,0.774274343188054,161,"Asia"
"169",608,"Philippines",1998.27945205479,"Married/In-union","[Total]",2890.666779,1094.787729,261.626301,390.528225,677.036735,932.185741,463.877092,513.912877,0,8336.079744,0.34676573,0.131331245,0.143210247,0.102494859,0.245705106,0.582854175606754,0.478096975,0.725304170769957,161,"Asia"
"170",608,"Philippines",2003.58082191781,"Married/In-union","[Total]",3053.279151,1184.610175,251.747843,319.254759,704.466974,914.540407,466.100699,475.306384,0,8671.276135,0.352114164,0.13661313,0.134500186,0.090569767,0.225069953,0.597592811511362,0.488727294,0.720471658372327,161,"Asia"
"171",608,"Philippines",2008.66393442623,"Married/In-union","[Total]",3034.335897,1235.952968,187.042602,248.994849,662.263677,949.82013,467.558186,525.274112,0,8417.754877,0.36046855,0.146826914,0.135055338,0.085124008,0.220179346,0.613387860639753,0.507295464,0.710569235446584,161,"Asia"
"172",608,"Philippines",2013.69863013699,"Married/In-union","[Total]",3825.459028,1536.201049,133.662085,188.49871,749.030993,918.827931,461.507789,525.919368,4.142086,9728.7702,0.393210956,0.157902902,0.108183254,0.066812812,0.174996066,0.618203920081266,0.551113858,0.713484065573978,161,"Asia"
"173",626,"Timor-Leste",2009.84657534247,"Married/In-union","[Total]",784.907133,980.325471,55.9603,242.516738,1874.593935,783.016611,1407.355882,363.04738,0.667846,7905.828799,0.099282081,0.124000342,0.10612131,0.208690659,0.314811969,0.337094267213201,0.223282423,0.444647991839465,205,"Asia"
"174",646,"Rwanda",1992.5956284153,"Married/In-union","[Total]",415.389901,386.101009,444.598732,467.868046,728.567829,235.858857,298.152874,344.553873,0,3785.053329,0.109744795,0.102006755,0.179774901,0.202380483,0.382155384,0.470423572522532,0.21175155,0.518271507339616,172,"Africa"
"175",646,"Rwanda",2000.69672131148,"Married/In-union","[Total]",298.630931,370.541021,304.715821,680.248725,1507.243939,379.579416,473.290692,469.975136,0,5052.493308,0.059105656,0.073338251,0.135437139,0.228310924,0.363748063,0.372337760050148,0.132443907,0.446269347822848,172,"Africa"
"176",646,"Rwanda",2005.38082191781,"Married/In-union","[Total]",547.362227,410.413561,332.074098,841.247671,1376.966684,490.896075,455.31635,403.97152,0,5510.184554,0.09933646,0.074482725,0.149354376,0.235303193,0.384657569,0.388278791415125,0.173819185,0.571493071952903,172,"Africa"
"177",646,"Rwanda",2008.12841530055,"Married/In-union","[Total]",865.35656,548.629444,0,0,0,705.121163,630.816719,228.97439,1.907715,3887.629005,0.222592372,0.141121862,0.181375631,0.162262582,0.343638212,0.527809843801655,0.363714234,0.611997967613222,172,"Africa"
"178",646,"Rwanda",2010.99452054795,"Married/In-union","[Total]",1993.794504,1563.937777,262.275682,471.864802,1029.797637,431.365574,269.094207,281.304274,3.239037,6897.058105,0.289078977,0.226754328,0.100570598,0.107431168,0.208001766,0.48350838521246,0.515833305,0.560411617857827,172,"Africa"
"179",646,"Rwanda",2015.04931506849,"Married/In-union","[Total]",1921.863263,1795.935911,221.221182,453.665522,1106.920899,356.919344,291.03401,319.818513,0,6981.942851,0.275261958,0.257225811,0.082805107,0.106660789,0.189465896,0.437044918099667,0.532487769,0.516935738292986,172,"Africa"
"180",678,"So Tom and Prncipe",2008.86612021858,"Married/In-union","[Total]",346.677903,312.993794,122.029284,116.627398,152.929484,213.753403,192.902054,82.126351,1.179285,1718.384199,0.201746445,0.182144246,0.195406061,0.1801282,0.37553426,0.520341502264001,0.383890691,0.525530964229607,180,"Africa"
"181",686,"Senegal",1993.22465753425,"Married/In-union","[Total]",138,195,89,433,1271,228,533,681,0,4450,0.031011236,0.043820225,0.071235955,0.217078652,0.288314607,0.247077162483134,0.074831461,0.414414413210508,182,"Africa"
"182",686,"Senegal",1997.18082191781,"Married/In-union","[Total]",289.427901,467.464385,143.638106,602.307589,1260.95198,415.220868,885.832733,829.770071,0.868022,5850.941864,0.049466891,0.079895579,0.09551607,0.254342011,0.349858082,0.27301375876176,0.12936247,0.382389815222297,182,"Africa"
"183",686,"Senegal",2005.24383561644,"Married/In-union","[Total]",446.979156,718.914513,127.045427,924.548391,2275.188203,629.580081,1473.422132,1570.451825,0,9865.527119,0.045307174,0.072871374,0.076693875,0.243065626,0.319759501,0.239848619853832,0.118178548,0.383379003776557,182,"Africa"
"184",686,"Senegal",2011.04931506849,"Married/In-union","[Total]",460.263373,898.302066,138.94976,746.677633,2371.662475,666.38162,1561.063651,1755.867994,0,10346.82447,0.044483539,0.086819107,0.077833676,0.223038604,0.300872279,0.258693410568409,0.131302646,0.338786310521115,182,"Africa"
"185",686,"Senegal",2013.08493150685,"Married/In-union","[Total]",299.972303,690.743453,89.909109,393.993739,1324.615752,319.271554,819.130623,868.589621,0,5553.986743,0.054010266,0.124368942,0.073673324,0.218424065,0.292097389,0.252221782098846,0.178379208,0.302783416327311,182,"Africa"
"186",686,"Senegal",2013.76438356164,"Married/In-union","[Total]",672.450749,1561.584878,129.578902,639.875327,2494.04065,623.166746,1621.901621,1734.999024,0,11061.92375,0.060789675,0.141167568,0.068048349,0.204465064,0.272513413,0.249706420872576,0.201957243,0.301002697882938,182,"Africa"
"187",686,"Senegal",2014.42739726027,"Married/In-union","[Total]",365.814332,853.158367,44.41982,257.421145,1180.905805,304.815993,799.111099,865.561429,0,5500.341231,0.06650757,0.15511008,0.063493481,0.192084854,0.255578336,0.248430606418848,0.22161765,0.300100510947571,182,"Africa"
"188",686,"Senegal",2015.46575342466,"Married/In-union","[Total]",406.431375,930.585216,63.06052,295.426569,1285.220783,271.812786,816.233102,902.648778,0,5730.848039,0.070919936,0.162381764,0.058433465,0.193978215,0.252411679,0.231500639080967,0.2333017,0.303983794374409,182,"Africa"
"189",686,"Senegal",2016.53005464481,"Married/In-union","[Total]",457.570393,1021.012754,62.054042,283.307559,1277.058679,309.450153,734.812569,1005.355038,0,5883.134834,0.077776629,0.1735491,0.063147319,0.173057419,0.236204738,0.267341457816142,0.251325729,0.309465446731083,182,"Africa"
"190",694,"Sierra Leone",2008.3825136612,"Married/In-union","[Total]",213.315975,240.046308,170.180726,238.766084,1226.942394,506.333881,652.109699,754.259918,29.947073,5525.405781,0.038606391,0.043444105,0.12243709,0.161232644,0.283669734,0.431618446823798,0.082050496,0.470519897893122,185,"Africa"
"191",694,"Sierra Leone",2013.62739726027,"Married/In-union","[Total]",658.545007,1154.668349,147.044009,272.142083,2597.694053,760.373517,1545.484596,1417.610006,24.232409,10902.91497,0.06040082,0.105904554,0.083227057,0.166710158,0.249937215,0.332991855574609,0.166305374,0.363192232140376,185,"Africa"
"192",704,"Viet Nam",1997.62739726027,"Married/In-union","[Total]",3231.153241,789.830771,75.914045,97.978978,438.806587,179.455158,93.969802,139.368649,0,5339.618259,0.605128135,0.147918958,0.047825367,0.035948034,0.083773401,0.570889643121926,0.753047093,0.80357276540207,226,"Asia"
"193",704,"Viet Nam",1985.45205479452,"Married/In-union","[Total]",3447.634814,744.00347,48.525755,61.503189,365.028128,185.245767,58.719172,126.591543,0,5338.082315,0.645856435,0.139376545,0.043793165,0.022521639,0.066314804,0.660382936515955,0.78523298,0.82250294046488,226,"Asia"
"194",710,"South Africa",1998.36438356164,"Married/In-union","[Total]",2123.104153,733.048132,61.954181,95.387396,239.133415,487.131918,194.068218,465.927887,0,5076.673352,0.418207753,0.144395371,0.108158643,0.057016789,0.165175432,0.654810716644591,0.562603124,0.743344171334534,191,"Africa"
"195",716,"Zimbabwe",1994.72328767123,"Married/In-union","[Total]",799.405276,1023.516176,87.977461,253.860785,395.233977,232.369899,148.073848,467.868765,5.133833,3788.09281,0.211031069,0.270193004,0.084566925,0.106104748,0.190671673,0.443521177894107,0.481224073,0.438529742879259,231,"Africa"
"196",716,"Zimbabwe",1999.78630136986,"Married/In-union","[Total]",870.72445,1061.41255,60.893781,174.456858,378.966827,234.901824,133.844475,426.77828,0,3608.596411,0.241291724,0.294134458,0.081969711,0.085435249,0.16740496,0.489649237394161,0.535426182,0.450653576742723,231,"Africa"
"197",716,"Zimbabwe",2005.92876712329,"Married/In-union","[Total]",1494.436969,1603.793589,111.673352,191.86819,505.028276,312.150485,180.553886,426.778976,0,5143.344136,0.290557452,0.311819226,0.082402388,0.072408547,0.154810935,0.532277568118815,0.602376678,0.482351761965127,231,"Africa"
"198",716,"Zimbabwe",2010.9698630137,"Married/In-union","[Total]",1453.594661,1884.425965,79.779971,306.064619,620.200328,256.677781,188.339822,500.95943,0,5702.869789,0.254888278,0.330434682,0.058997972,0.086693973,0.145691945,0.404950129535301,0.58532296,0.435466051084003,231,"Africa"
"199",716,"Zimbabwe",2015.73698630137,"Married/In-union","[Total]",1869.965492,2236.736627,57.35427,192.333877,559.06534,212.528071,177.911426,493.741035,0,6151.319867,0.303994189,0.363618975,0.043873892,0.060189571,0.104063462,0.421607076650977,0.667613164,0.455344809528052,231,"Africa"
"200",748,"Swaziland",2006.8602739726,"Married/In-union","[Total]",781.792927,262.412917,85.14324,65.872784,130.484884,287.090467,72.050972,150.770505,0,2061.973155,0.379147966,0.127263013,0.180523062,0.06688921,0.247412272,0.729644736458344,0.506410979,0.7486961810123,198,"Africa"
"201",762,"Tajikistan",2012.62295081967,"Married/In-union","[Total]",1238.479538,577.724432,36.263102,43.849549,1024.734687,680.766636,726.168866,746.610155,3.392059,6504.043952,0.190416846,0.088825419,0.11024368,0.118390715,0.228634395,0.482183269057134,0.279242265,0.681905534608094,202,"Asia"
"202",768,"Togo",1998.23835616438,"Married/In-union","[Total]",516.076355,849.57714,158.58078,599.297347,1047.269904,502.305893,775.087558,679.976324,0,5819.323615,0.08868322,0.14599242,0.11356761,0.236176057,0.349743667,0.3247167017323,0.23467564,0.377896998597724,206,"Africa"
"203",768,"Togo",2014.07397260274,"Married/In-union","[Total]",545.692202,701.814691,142.290573,396.093744,1204.761446,599.21757,973.506352,615.933814,0,6281.970788,0.086866402,0.111718872,0.118037503,0.218020768,0.336058271,0.351241178051529,0.198585274,0.437426201098879,206,"Africa"
"204",792,"Turkey",1993.71780821918,"Married/In-union","[Total]",3168.064271,755.369176,184.308743,127.547458,423.572201,453.746288,149.153895,336.119554,0,6270.532155,0.505230528,0.120463329,0.101754527,0.044127252,0.145881779,0.69751361477433,0.625693857,0.8074724121832,211,"W Asia and N Africa"
"205",792,"Turkey",1998.72328767123,"Married/In-union","[Total]",2937.392126,843.904374,131.935698,113.100313,373.498712,408.315963,180.705168,312.444736,0,5920.740624,0.496119035,0.142533583,0.091247311,0.049623096,0.140870407,0.647739386456092,0.638652618,0.776821422189802,211,"W Asia and N Africa"
"206",792,"Turkey",2004.1393442623,"Married/In-union","[Total]",2191.333902,626.81451,58.365602,57.500488,197.832934,191.944727,62.887615,156.661165,0,3902.155673,0.561570087,0.160632882,0.064146679,0.030851691,0.094998371,0.675239778585256,0.722202969,0.777579310948526,211,"W Asia and N Africa"
"207",800,"Uganda",1995.40547945205,"Married/In-union","[Total]",407.194694,355.141279,192.82258,496.519453,1560.414129,380.109985,476.561707,632.101837,0,5136.426146,0.079275878,0.069141708,0.111543036,0.189447124,0.30099016,0.370586985302111,0.148417586,0.534140731813277,215,"Africa"
"208",800,"Uganda",2000.96721311475,"Married/In-union","[Total]",566.349399,545.459942,306.807962,634.871405,1060.945176,411.499443,355.175243,465.778444,0,4880.862911,0.116034687,0.111754817,0.147168117,0.202842544,0.350010661,0.420467526844847,0.227789504,0.509394352954911,215,"Africa"
"209",800,"Uganda",2006.55068493151,"Married/In-union","[Total]",676.329538,587.089322,298.726808,870.579702,1071.993187,464.535428,394.782128,433.871612,1.252677,5336.721992,0.126731267,0.110009351,0.143020798,0.237104693,0.380125491,0.376246269682556,0.236740618,0.535316956045118,215,"Africa"
"210",800,"Uganda",2011.69863013699,"Married/In-union","[Total]",829.563135,796.714945,282.124362,699.034807,1032.410348,448.883946,426.322377,406.082243,2.401183,5417.550329,0.153125137,0.147061845,0.134933367,0.207724362,0.342657729,0.393784688277088,0.300186982,0.510099192109537,215,"Africa"
"211",804,"Ukraine",2007.70136986301,"Married/In-union","[Total]",1768.016759,975.446874,8.913941,15.485815,198.208779,254.895795,136.810724,113.514191,3.395829,4116.193345,0.429527141,0.236977905,0.064090706,0.036999365,0.10109007,0.633996059157937,0.666505046,0.644446945417425,216,"Europe"
"212",818,"Egypt",1992.97540983607,"Married/In-union","[Total]",3594.659836,715.435808,492.48506,228.379457,1050.385499,954.853242,418.436917,618.293549,0,9153.322864,0.392716382,0.078161321,0.158121627,0.070664652,0.228786279,0.691132473901549,0.470877703,0.834009296889558,62,"W Asia and N Africa"
"213",818,"Egypt",1995.96438356164,"Married/In-union","[Total]",5383.332603,1180.257567,521.320315,390.935174,1683.008249,1377.387868,484.300624,1094.960819,0,13710.48267,0.392643551,0.086084319,0.138485875,0.063836979,0.202322854,0.684479643609614,0.47872787,0.820181099963952,62,"W Asia and N Africa"
"214",818,"Egypt",2000.21584699454,"Married/In-union","[Total]",6430.338322,1633.045658,309.892561,159.369317,1712.597997,1115.682691,383.582719,1099.522752,0,14382.06723,0.44710807,0.113547353,0.099121721,0.037752016,0.136873737,0.724183639407756,0.560655423,0.79747390582183,62,"W Asia and N Africa"
"215",818,"Egypt",2003.42739726027,"Married/In-union","[Total]",3973.498702,1093.32542,111.060359,116.896,926.930544,569.877677,199.441611,658.802289,0,8445.010421,0.470514363,0.12946407,0.080631995,0.037458522,0.118090517,0.682798221638745,0.599978433,0.784218793744541,62,"W Asia and N Africa"
"216",818,"Egypt",2005.41643835616,"Married/In-union","[Total]",8518.383298,2251.202472,241.20953,229.81591,1901.834531,1361.670739,405.168208,1476.947191,0,18187.11943,0.468374518,0.123780046,0.088132718,0.034913947,0.123046665,0.716254422661516,0.592154564,0.7909666605221,62,"W Asia and N Africa"
"217",818,"Egypt",2008.3087431694,"Married/In-union","[Total]",7251.465781,2030.629629,135.530152,138.140727,1687.44677,1126.362752,385.913041,1326.582632,0,15396.25724,0.470988869,0.131891121,0.081961017,0.034037738,0.115998755,0.706568074803906,0.60287999,0.781231549914271,62,"W Asia and N Africa"
"218",818,"Egypt",2014.38082191781,"Married/In-union","[Total]",9138.385779,2835.417017,267.648139,276.009034,2386.967655,1399.74001,635.315242,1994.250892,0,20459.51581,0.446656992,0.138586712,0.081496951,0.044542808,0.126039758,0.646597171346521,0.585243704,0.763198286367212,62,"W Asia and N Africa"
"219",834,"United Republic of Tanzania",1992.00819672131,"Married/In-union","[Total]",271.894515,357.69784,191.953668,429.31442,1661.599167,374.521025,680.951747,890.698528,0,6038.114259,0.045029707,0.059239992,0.093816491,0.18387631,0.277692801,0.337842719228433,0.104269699,0.431858031929295,219,"Africa"
"220",834,"United Republic of Tanzania",1996.68306010929,"Married/In-union","[Total]",456.670421,540.410147,156.653626,322.523681,1376.341848,405.584787,533.950252,751.92776,0,5411.243723,0.084392876,0.099868011,0.103901883,0.158276725,0.262178608,0.39630190957456,0.184260887,0.458007542316889,219,"Africa"
"221",834,"United Republic of Tanzania",1999.78082191781,"Married/In-union","[Total]",273.352095,399.494133,77.565959,135.490074,594.584646,168.420564,217.323247,402.759452,0,2652.613375,0.103050108,0.15060398,0.092733651,0.133005935,0.225739586,0.41079924280538,0.253654088,0.406262358365776,219,"Africa"
"222",834,"United Republic of Tanzania",2004.94262295082,"Married/In-union","[Total]",755.807769,1076.471587,140.836367,504.757316,1643.51391,428.338657,612.576965,905.030021,0,6950.440635,0.108742425,0.154878179,0.081890495,0.16075733,0.242647825,0.33748703496518,0.263620604,0.41249592539436,219,"Africa"
"223",834,"United Republic of Tanzania",2010.17534246575,"Married/In-union","[Total]",872.292616,1330.160247,66.936204,489.076291,1326.139575,370.145321,505.029183,657.050556,0.984554,6411.521955,0.136050788,0.20746404,0.068171259,0.155049843,0.223221102,0.305397914396104,0.343514828,0.396055066362376,219,"Africa"
"224",834,"United Republic of Tanzania",2015.87671232877,"Married/In-union","[Total]",1229.280413,1920.168434,104.145687,590.986941,1408.063651,435.893796,684.038642,1042.632637,0,8210.356084,0.149723155,0.233871517,0.065775403,0.155294797,0.221070201,0.297531746488076,0.383594672,0.390316044327122,219,"Africa"
"225",854,"Burkina Faso",1993.09315068493,"Married/In-union","[Total]",315.189821,1010.017714,63.175733,389.158083,1208.321549,287.388121,569.707051,812.793548,0,5325.653498,0.059183314,0.189651414,0.065825509,0.180046474,0.245871983,0.267722691283618,0.248834728,0.237841857829426,32,"Africa"
"226",854,"Burkina Faso",1999.03561643836,"Married/In-union","[Total]",147.559289,467.43088,76.707481,414.048993,1531.191453,312.004545,766.818492,655.148568,0,5181.466554,0.028478286,0.090212081,0.075019692,0.227902173,0.302921865,0.247653605328225,0.118690367,0.23993763537693,32,"Africa"
"227",854,"Burkina Faso",2003.68767123288,"Married/In-union","[Total]",375.136743,955.214139,107.731907,822.226876,2699.66521,618.20847,1332.029227,1250.877468,0,9654.904398,0.038854527,0.098935639,0.075188769,0.223125576,0.298314345,0.252045435495232,0.137790166,0.281983309316864,32,"Africa"
"228",854,"Burkina Faso",2010.68767123288,"Married/In-union","[Total]",720.850086,1473.263501,72.546499,367.787993,4408.406391,841.087687,2042.154537,1677.755253,15.575873,13563.05968,0.053148044,0.108623241,0.067361953,0.177684283,0.245046235,0.274894870349671,0.161771285,0.328538182780708,32,"Africa"
"229",860,"Uzbekistan",1996.63114754098,"Married/In-union","[Total]",1097.490635,627.405057,8.937008,9.043225,424.933916,212.976324,193.01953,204.80858,0,3102.47789,0.353746481,0.202227084,0.071527772,0.065129475,0.136657247,0.523410017179696,0.555973565,0.636264929250728,223,"Asia"
"230",887,"Yemen",1991.95616438356,"Married/In-union","[Total]",315.109475,202.569509,0,0,0,641.860582,1397.350994,0,0,5355.483394,0.058838662,0.037824692,0.119851101,0.260919676,0.380770778,0.314759188269432,0.096663354,0.608696673198408,229,"W Asia and N Africa"
"231",887,"Yemen",2013.81369863014,"Married/In-union","[Total]",2794.464132,2417.995897,535.165226,851.17861,1883.561701,1605.435248,1478.894997,1729.837983,0,15566.06618,0.179522822,0.155337634,0.137517113,0.149689304,0.287206416,0.478809334816531,0.334860456,0.53611233808987,229,"W Asia and N Africa"
"232",894,"Zambia",1992.21584699454,"Married/In-union","[Total]",274.012756,403.154205,165.017602,504.789596,1095.541759,246.059045,422.431843,682.035463,0,4457.152971,0.061477081,0.090451059,0.092228526,0.208029979,0.300258505,0.307163742122809,0.15192814,0.404645781880829,230,"Africa"
"233",894,"Zambia",1996.77868852459,"Married/In-union","[Total]",492.247948,776.407076,107.748242,523.250189,998.519492,297.360391,307.263804,691.257012,0,4901.885756,0.100420118,0.158389468,0.082643426,0.169427448,0.252070874,0.327857894442815,0.258809586,0.388007722403296,230,"Africa"
"234",894,"Zambia",2002.13698630137,"Married/In-union","[Total]",701.947609,903.529015,264.537876,427.237313,798.232265,321.597374,279.172835,550.158394,0,4694.046138,0.149539989,0.192484051,0.124867808,0.15049067,0.275358478,0.453473627930207,0.34202404,0.437220696533495,230,"Africa"
"235",894,"Zambia",2007.5095890411,"Married/In-union","[Total]",701.8671,1092.681841,185.545393,424.522481,711.528372,283.229321,277.467963,366.237034,0.698214,4402.389127,0.159428683,0.248202012,0.10648189,0.1594567,0.26593859,0.400400295421586,0.407630695,0.391110593376684,230,"Africa"
"236",894,"Zambia",2013.9397260274,"Married/In-union","[Total]",1943.610147,2888.791399,187.064331,772.720427,1458.335549,523.129713,602.011019,644.429571,0,9858.697723,0.197146743,0.293019573,0.072037308,0.139443513,0.211480821,0.340632817951846,0.490166316,0.402203775667033,230,"Africa"
